AL-1806,AL-1806,Always Late Airlines,1159,Test,Test
VA-9950,VA-9950,Vertical Airways,270,Test1,Test2
X1430,AL-6488,Always Late Airlines,4710,Test2,test4
L4702,AL-6488,Always Late Airlines,4710,Test2,test4
C9752,SL-1151,Scare Airlines,958,Test,test
I2438,TB-8162,Try a Bus Airways,1373,im,im
P5320,TB-8162,Try a Bus Airways,1373,im,im
G6985,TB-8162,Try a Bus Airways,1373,im,im
L1537,TB-8162,Try a Bus Airways,1373,im,im
Z1414,TB-2646,Try a Bus Airways,792,Test,Test
C5126,SW-2403,Sprawl Airways,183,me,me
X9037,TB-4017,Try a Bus Airways,1444,Im a test,Im a test
A7224,TB-4017,Try a Bus Airways,1444,Im a test,Im a test
M3975,EC-6432,Error Canada,183,Im the test,Im a guinea pig
X1652,VA-9950,Vertical Airways,270,This is a test,Yes im a guinea pig
S8071,TB-4017,Try a Bus Airways,1444,Test ,Test
E5715,TB-4017,Try a Bus Airways,1444,test,test
B6710,AS-8649,AirShaker,334,I hate coding,I hate coding
